[{"tfbh":"201918","name":"米娜","ename":"Mitag","is_current":1,"begin_time":"2019-09-28T08:00:00","end_time":"2019-09-29T20:00:00","land":[],"points":[{"time":"2019-09-28T08:00:00","longitude":132.1,"latitude":15.4,"strong":"热带风暴(TS)","power":8,"speed":18,"move_dir":"西北","move_speed":30,"pressure":998,"radius7":300,"radius10":0,"radius12":0,"radius7_quad":{"ne":300,"se":200,"sw":130,"nw":150},"radius10_quad":{"ne":0,"se":0,"sw":0,"nw":0},"radius12_quad":{"ne":0,"se":0,"sw":0,"nw":0},"remark":"","forecast":[{"sets":"中国","points":[{"time":"2019-09-28T20:00:00","longitude":129.7,"latitude":17.6,"strong":"热带风暴(TS)","power":8,"speed":20,"move_dir":null,"move_speed":null,"pressure":995,"radius7":null,"radius10":null,"remark":null},{"time":"2019-09-29T08:00:00","longitude":127.3,"latitude":18.7,"strong":"热带风暴(TS)","power":9,"speed":23,"move_dir":null,"move_speed":null,"pressure":990,"radius7":null,"radius10":null,"remark":null},{"time":"2019-09-29T20:00:00","longitude":125.3,"latitude":19.9,"strong":"强热带风暴(STS)","power":10,"speed":25,"move_dir":null,"move_speed":null,"pressure":985,"radius7":null,"radius10":null,"remark":null},{"time":"2019-09-30T08:00:00","longitude":123.9,"latitude":21.9,"strong":"强热带风暴(STS)","power":11,"speed":30,"move_dir":null,"move_speed":null,"pressure":980,"radius7":null,"radius10":null,"remark":null},{"time":"2019-09-30T20:00:00","longitude":123.5,"latitude":24.5,"strong":"台风(TY)","power":12,"speed":35,"move_dir":null,"move_speed":null,"pressure":970,"radius7":null,"radius10":null,"remark":null},{"time":"2019-10-01T08:00:00","longitude":123.3,"latitude":27.4,"strong":"强台风(STY)","power":14,"speed":42,"move_dir":null,"move_speed":null,"pressure":955,"radius7":null,"radius10":null,"remark":null},{"time":"2019-10-02T08:00:00","longitude":125.7,"latitude":32.0,"strong":"台风(TY)","power":12,"speed":35,"move_dir":null,"move_speed":null,"pressure":968,"radius7":null,"radius10":null,"remark":null},{"time":"2019-10-03T08:00:00","longitude":130.6,"latitude":36.5,"strong":"强热带风暴(STS)","power":11,"speed":30,"move_dir":null,"move_speed":null,"pressure":975,"radius7":null,"radius10":null,"remark":null}]},{"sets":"日本","points":[{"time":"2019-09-28T20:00:00","longitude":130.0,"latitude":16.9,"strong":"热带风暴(TS)","power":8,"speed":20,"move_dir":null,"move_speed":null,"pressure":998,"radius7":null,"radius10":null,"remark":null},{"time":"2019-09-29T08:00:00","longitude":127.4,"latitude":18.9,"strong":"强热带风暴(STS)","power":10,"speed":25,"move_dir":null,"move_speed":null,"pressure":992,"radius7":null,"radius10":null,"remark":null},{"time":"2019-09-30T08:00:00","longitude":124.0,"latitude":21.9,"strong":"台风(TY)","power":12,"speed":35,"move_dir":null,"move_speed":null,"pressure":975,"radius7":null,"radius10":null,"remark":null},{"time":"2019-10-01T08:00:00","longitude":124.4,"latitude":27.6,"strong":"台风(TY)","power":13,"speed":40,"move_dir":null,"move_speed":null,"pressure":965,"radius7":null,"radius10":null,"remark":null},{"time":"2019-10-02T08:00:00","longitude":127.2,"latitude":32.5,"strong":"台风(TY)","power":12,"speed":35,"move_dir":null,"move_speed":null,"pressure":970,"radius7":null,"radius10":null,"remark":null},{"time":"2019-10-03T08:00:00","longitude":132.5,"latitude":37.4,"strong":"强热带风暴(STS)","power":11,"speed":30,"move_dir":null,"move_speed":null,"pressure":985,"radius7":null,"radius10":null,"remark":null}]},{"sets":"中国台湾","points":[{"time":"2019-09-28T20:00:00","longitude":129.7,"latitude":17.0,"strong":"热带风暴(TS)","power":8,"speed":20,"move_dir":null,"move_speed":null,"pressure":null,"radius7":null,"radius10":null,"remark":null},{"time":"2019-09-29T08:00:00","longitude":127.3,"latitude":18.6,"strong":"强热带风暴(STS)","power":10,"speed":25,"move_dir":null,"move_speed":null,"pressure":null,"radius7":null,"radius10":null,"remark":null},{"time":"2019-09-29T20:00:00","longitude":125.4,"latitude":20.2,"strong":"强热带风暴(STS)","power":11,"speed":30,"move_dir":null,"move_speed":null,"pressure":null,"radius7":null,"radius10":null,"remark":null},{"time":"2019-09-30T08:00:00","longitude":123.9,"latitude":21.9,"strong":"台风(TY)","power":12,"speed":33,"move_dir":null,"move_speed":null,"pressure":null,"radius7":null,"radius10":null,"remark":null},{"time":"2019-10-01T08:00:00","longitude":123.9,"latitude":27.4,"strong":"台风(TY)","power":13,"speed":38,"move_dir":null,"move_speed":null,"pressure":null,"radius7":null,"radius10":null,"remark":null},{"time":"2019-10-02T08:00:00","longitude":126.7,"latitude":32.3,"strong":"台风(TY)","power":12,"speed":35,"move_dir":null,"move_speed":null,"pressure":null,"radius7":null,"radius10":null,"remark":null},{"time":"2019-10-03T08:00:00","longitude":131.8,"latitude":36.5,"strong":"强热带风暴(STS)","power":11,"speed":30,"move_dir":null,"move_speed":null,"pressure":null,"radius7":null,"radius10":null,"remark":null}]},{"sets":"韩国","points":[{"time":"2019-09-28T20:00:00","longitude":130.2,"latitude":16.9,"strong":"热带风暴(TS)","power":9,"speed":23,"move_dir":null,"move_speed":null,"pressure":992,"radius7":null,"radius10":null,"remark":null},{"time":"2019-09-29T08:00:00","longitude":127.2,"latitude":18.6,"strong":"台风(TY)","power":13,"speed":39,"move_dir":null,"move_speed":null,"pressure":958,"radius7":null,"radius10":null,"remark":null},{"time":"2019-09-29T20:00:00","longitude":125.2,"latitude":20.1,"strong":"强热带风暴(STS)","power":11,"speed":29,"move_dir":null,"move_speed":null,"pressure":980,"radius7":null,"radius10":null,"remark":null},{"time":"2019-09-30T08:00:00","longitude":123.9,"latitude":22.4,"strong":"台风(TY)","power":13,"speed":37,"move_dir":null,"move_speed":null,"pressure":965,"radius7":null,"radius10":null,"remark":null},{"time":"2019-10-01T08:00:00","longitude":124.0,"latitude":27.5,"strong":"台风(TY)","power":13,"speed":40,"move_dir":null,"move_speed":null,"pressure":955,"radius7":null,"radius10":null,"remark":null},{"time":"2019-10-02T08:00:00","longitude":126.7,"latitude":32.5,"strong":"台风(TY)","power":13,"speed":39,"move_dir":null,"move_speed":null,"pressure":960,"radius7":null,"radius10":null,"remark":null},{"time":"2019-10-03T08:00:00","longitude":132.7,"latitude":37.0,"strong":"台风(TY)","power":12,"speed":35,"move_dir":null,"move_speed":null,"pressure":970,"radius7":null,"radius10":null,"remark":null}]},{"sets":"中国香港","points":[{"time":"2019-09-29T08:00:00","longitude":127.6,"latitude":18.9,"strong":"强热带风暴(STS)","power":10,"speed":25,"move_dir":null,"move_speed":null,"pressure":null,"radius7":null,"radius10":null,"remark":null},{"time":"2019-09-30T08:00:00","longitude":124.5,"latitude":22.0,"strong":"台风(TY)","power":12,"speed":36,"move_dir":null,"move_speed":null,"pressure":null,"radius7":null,"radius10":null,"remark":null},{"time":"2019-10-01T08:00:00","longitude":124.6,"latitude":27.7,"strong":"强台风(STY)","power":14,"speed":46,"move_dir":null,"move_speed":null,"pressure":null,"radius7":null,"radius10":null,"remark":null},{"time":"2019-10-02T08:00:00","longitude":127.8,"latitude":32.7,"strong":"台风(TY)","power":13,"speed":40,"move_dir":null,"move_speed":null,"pressure":null,"radius7":null,"radius10":null,"remark":null},{"time":"2019-10-03T08:00:00","longitude":133.9,"latitude":37.4,"strong":"强热带风暴(STS)","power":11,"speed":30,"move_dir":null,"move_speed":null,"pressure":null,"radius7":null,"radius10":null,"remark":null}]},{"sets":"美国","points":[{"time":"2019-09-29T08:00:00","longitude":127.0,"latitude":18.9,"strong":"台风(TY)","power":12,"speed":33,"move_dir":null,"move_speed":null,"pressure":null,"radius7":null,"radius10":null,"remark":null},{"time":"2019-09-30T08:00:00","longitude":124.1,"latitude":22.3,"strong":"强台风(STY)","power":14,"speed":44,"move_dir":null,"move_speed":null,"pressure":null,"radius7":null,"radius10":null,"remark":null},{"time":"2019-10-01T08:00:00","longitude":124.1,"latitude":27.2,"strong":"超强台风(Super TY)","power":16,"speed":51,"move_dir":null,"move_speed":null,"pressure":null,"radius7":null,"radius10":null,"remark":null},{"time":"2019-10-02T08:00:00","longitude":127.1,"latitude":32.3,"strong":"强台风(STY)","power":14,"speed":44,"move_dir":null,"move_speed":null,"pressure":null,"radius7":null,"radius10":null,"remark":null},{"time":"2019-10-03T08:00:00","longitude":132.2,"latitude":36.8,"strong":"台风(TY)","power":12,"speed":33,"move_dir":null,"move_speed":null,"pressure":null,"radius7":null,"radius10":null,"remark":null}]},{"sets":"菲律宾","points":[{"time":"2019-09-29T08:00:00","longitude":127.4,"latitude":18.8,"strong":null,"power":null,"speed":null,"move_dir":null,"move_speed":null,"pressure":null,"radius7":null,"radius10":null,"remark":null},{"time":"2019-09-30T08:00:00","longitude":124.1,"latitude":21.9,"strong":null,"power":null,"speed":null,"move_dir":null,"move_speed":null,"pressure":null,"radius7":null,"radius10":null,"remark":null},{"time":"2019-10-01T08:00:00","longitude":124.4,"latitude":27.4,"strong":null,"power":null,"speed":null,"move_dir":null,"move_speed":null,"pressure":null,"radius7":null,"radius10":null,"remark":null},{"time":"2019-10-02T08:00:00","longitude":127.5,"latitude":32.5,"strong":null,"power":null,"speed":null,"move_dir":null,"move_speed":null,"pressure":null,"radius7":null,"radius10":null,"remark":null}]}]},{"time":"2019-09-28T14:00:00","longitude":130.7,"latitude":17.0,"strong":"热带风暴(TS)","power":8,"speed":18,"move_dir":"西西北","move_speed":24,"pressure":998,"radius7":300,"radius10":0,"radius12":0,"radius7_quad":{"ne":300,"se":200,"sw":130,"nw":150},"radius10_quad":{"ne":0,"se":0,"sw":0,"nw":0},"radius12_quad":{"ne":0,"se":0,"sw":0,"nw":0},"remark":"","forecast":[{"sets":"中国","points":[{"time":"2019-09-29T02:00:00","longitude":128.4,"latitude":18.2,"strong":"热带风暴(TS)","power":8,"speed":20,"move_dir":null,"move_speed":null,"pressure":995,"radius7":null,"radius10":null,"remark":null},{"time":"2019-09-29T14:00:00","longitude":126.1,"latitude":19.4,"strong":"热带风暴(TS)","power":9,"speed":23,"move_dir":null,"move_speed":null,"pressure":990,"radius7":null,"radius10":null,"remark":null},{"time":"2019-09-30T02:00:00","longitude":124.1,"latitude":20.7,"strong":"强热带风暴(STS)","power":10,"speed":25,"move_dir":null,"move_speed":null,"pressure":985,"radius7":null,"radius10":null,"remark":null},{"time":"2019-09-30T14:00:00","longitude":123.4,"latitude":23.1,"strong":"强热带风暴(STS)","power":11,"speed":30,"move_dir":null,"move_speed":null,"pressure":980,"radius7":null,"radius10":null,"remark":null},{"time":"2019-10-01T02:00:00","longitude":122.9,"latitude":25.9,"strong":"台风(TY)","power":12,"speed":35,"move_dir":null,"move_speed":null,"pressure":970,"radius7":null,"radius10":null,"remark":null},{"time":"2019-10-01T14:00:00","longitude":122.9,"latitude":28.4,"strong":"强台风(STY)","power":14,"speed":42,"move_dir":null,"move_speed":null,"pressure":955,"radius7":null,"radius10":null,"remark":null},{"time":"2019-10-02T14:00:00","longitude":125.2,"latitude":32.9,"strong":"台风(TY)","power":12,"speed":35,"move_dir":null,"move_speed":null,"pressure":968,"radius7":null,"radius10":null,"remark":null},{"time":"2019-10-03T14:00:00","longitude":129.9,"latitude":36.9,"strong":"强热带风暴(STS)","power":11,"speed":30,"move_dir":null,"move_speed":null,"pressure":975,"radius7":null,"radius10":null,"remark":null}]},{"sets":"日本","points":[{"time":"2019-09-29T02:00:00","longitude":128.4,"latitude":18.2,"strong":"强热带风暴(STS)","power":10,"speed":25,"move_dir":null,"move_speed":null,"pressure":992,"radius7":null,"radius10":null,"remark":null},{"time":"2019-09-29T14:00:00","longitude":126.3,"latitude":19.5,"strong":"强热带风暴(STS)","power":11,"speed":31,"move_dir":"西西北","move_speed":22,"pressure":985,"radius7":null,"radius10":null,"remark":null},{"time":"2019-09-30T14:00:00","longitude":123.9,"latitude":23.3,"strong":"台风(TY)","power":13,"speed":39,"move_dir":"北西北","move_speed":20,"pressure":970,"radius7":null,"radius10":null,"remark":null},{"time":"2019-10-01T14:00:00","longitude":124.4,"latitude":29.3,"strong":"台风(TY)","power":13,"speed":41,"move_dir":"北","move_speed":27,"pressure":955,"radius7":null,"radius10":null,"remark":null},{"time":"2019-10-02T14:00:00","longitude":127.8,"latitude":34.3,"strong":"台风(TY)","power":12,"speed":35,"move_dir":null,"move_speed":null,"pressure":970,"radius7":null,"radius10":null,"remark":null},{"time":"2019-10-03T14:00:00","longitude":133.2,"latitude":38.4,"strong":"强热带风暴(STS)","power":11,"speed":30,"move_dir":null,"move_speed":null,"pressure":985,"radius7":null,"radius10":null,"remark":null}]},{"sets":"中国台湾","points":[{"time":"2019-09-29T02:00:00","longitude":128.3,"latitude":18.3,"strong":"热带风暴(TS)","power":9,"speed":23,"move_dir":null,"move_speed":null,"pressure":null,"radius7":null,"radius10":null,"remark":null},{"time":"2019-09-29T14:00:00","longitude":126.0,"latitude":19.7,"strong":"强热带风暴(STS)","power":10,"speed":28,"move_dir":null,"move_speed":null,"pressure":null,"radius7":null,"radius10":null,"remark":null},{"time":"2019-09-30T02:00:00","longitude":124.3,"latitude":21.2,"strong":"台风(TY)","power":12,"speed":33,"move_dir":null,"move_speed":null,"pressure":null,"radius7":null,"radius10":null,"remark":null},{"time":"2019-09-30T14:00:00","longitude":123.9,"latitude":23.4,"strong":"台风(TY)","power":12,"speed":35,"move_dir":null,"move_speed":null,"pressure":null,"radius7":null,"radius10":null,"remark":null},{"time":"2019-10-01T14:00:00","longitude":123.7,"latitude":29.1,"strong":"台风(TY)","power":13,"speed":40,"move_dir":null,"move_speed":null,"pressure":null,"radius7":null,"radius10":null,"remark":null},{"time":"2019-10-02T14:00:00","longitude":127.4,"latitude":34.0,"strong":"台风(TY)","power":12,"speed":35,"move_dir":null,"move_speed":null,"pressure":null,"radius7":null,"radius10":null,"remark":null},{"time":"2019-10-03T14:00:00","longitude":133.3,"latitude":38.3,"strong":"台风(TY)","power":12,"speed":33,"move_dir":null,"move_speed":null,"pressure":null,"radius7":null,"radius10":null,"remark":null}]},{"sets":"韩国","points":[{"time":"2019-09-29T02:00:00","longitude":128.5,"latitude":18.1,"strong":"强热带风暴(STS)","power":10,"speed":27,"move_dir":null,"move_speed":null,"pressure":985,"radius7":null,"radius10":null,"remark":null},{"time":"2019-09-29T14:00:00","longitude":125.5,"latitude":20.0,"strong":"强热带风暴(STS)","power":11,"speed":29,"move_dir":null,"move_speed":null,"pressure":980,"radius7":null,"radius10":null,"remark":null},{"time":"2019-09-30T02:00:00","longitude":124.5,"latitude":21.1,"strong":"台风(TY)","power":12,"speed":35,"move_dir":null,"move_speed":null,"pressure":970,"radius7":null,"radius10":null,"remark":null},{"time":"2019-09-30T14:00:00","longitude":123.2,"latitude":24.0,"strong":"台风(TY)","power":13,"speed":39,"move_dir":null,"move_speed":null,"pressure":960,"radius7":null,"radius10":null,"remark":null},{"time":"2019-10-01T14:00:00","longitude":123.8,"latitude":29.1,"strong":"台风(TY)","power":13,"speed":40,"move_dir":null,"move_speed":null,"pressure":955,"radius7":null,"radius10":null,"remark":null},{"time":"2019-10-02T14:00:00","longitude":127.5,"latitude":34.5,"strong":"台风(TY)","power":12,"speed":35,"move_dir":null,"move_speed":null,"pressure":970,"radius7":null,"radius10":null,"remark":null},{"time":"2019-10-03T14:00:00","longitude":133.1,"latitude":38.0,"strong":"强热带风暴(STS)","power":11,"speed":29,"move_dir":null,"move_speed":null,"pressure":980,"radius7":null,"radius10":null,"remark":null}]},{"sets":"中国香港","points":[{"time":"2019-09-29T14:00:00","longitude":126.1,"latitude":19.5,"strong":"强热带风暴(STS)","power":10,"speed":25,"move_dir":null,"move_speed":null,"pressure":null,"radius7":null,"radius10":null,"remark":null},{"time":"2019-09-30T14:00:00","longitude":123.7,"latitude":23.4,"strong":"台风(TY)","power":13,"speed":39,"move_dir":null,"move_speed":null,"pressure":null,"radius7":null,"radius10":null,"remark":null},{"time":"2019-10-01T14:00:00","longitude":123.9,"latitude":29.1,"strong":"强台风(STY)","power":14,"speed":43,"move_dir":null,"move_speed":null,"pressure":null,"radius7":null,"radius10":null,"remark":null},{"time":"2019-10-02T14:00:00","longitude":127.5,"latitude":33.7,"strong":"台风(TY)","power":12,"speed":36,"move_dir":null,"move_speed":null,"pressure":null,"radius7":null,"radius10":null,"remark":null},{"time":"2019-10-03T14:00:00","longitude":134.3,"latitude":38.0,"strong":"强热带风暴(STS)","power":11,"speed":29,"move_dir":null,"move_speed":null,"pressure":null,"radius7":null,"radius10":null,"remark":null}]},{"sets":"菲律宾","points":[{"time":"2019-09-29T14:00:00","longitude":126.1,"latitude":19.7,"strong":null,"power":null,"speed":null,"move_dir":null,"move_speed":null,"pressure":null,"radius7":null,"radius10":null,"remark":null},{"time":"2019-09-30T14:00:00","longitude":123.7,"latitude":23.4,"strong":null,"power":null,"speed":null,"move_dir":null,"move_speed":null,"pressure":null,"radius7":null,"radius10":null,"remark":null},{"time":"2019-10-01T14:00:00","longitude":124.2,"latitude":29.4,"strong":null,"power":null,"speed":null,"move_dir":null,"move_speed":null,"pressure":null,"radius7":null,"radius10":null,"remark":null}]},{"sets":"美国","points":[{"time":"2019-09-29T14:00:00","longitude":125.6,"latitude":20.1,"strong":"台风(TY)","power":12,"speed":33,"move_dir":null,"move_speed":null,"pressure":null,"radius7":null,"radius10":null,"remark":null},{"time":"2019-09-30T14:00:00","longitude":123.1,"latitude":23.7,"strong":"强台风(STY)","power":14,"speed":44,"move_dir":null,"move_speed":null,"pressure":null,"radius7":null,"radius10":null,"remark":null},{"time":"2019-10-01T14:00:00","longitude":123.4,"latitude":29.8,"strong":"强台风(STY)","power":14,"speed":46,"move_dir":null,"move_speed":null,"pressure":null,"radius7":null,"radius10":null,"remark":null},{"time":"2019-10-02T14:00:00","longitude":127.3,"latitude":34.6,"strong":"台风(TY)","power":13,"speed":39,"move_dir":null,"move_speed":null,"pressure":null,"radius7":null,"radius10":null,"remark":null},{"time":"2019-10-03T14:00:00","longitude":133.4,"latitude":38.2,"strong":"强热带风暴(STS)","power":10,"speed":28,"move_dir":null,"move_speed":null,"pressure":null,"radius7":null,"radius10":null,"remark":null}]}]},{"time":"2019-09-28T17:00:00","longitude":130.1,"latitude":17.4,"strong":"热带风暴(TS)","power":8,"speed":20,"move_dir":"西西北","move_speed":28,"pressure":995,"radius7":300,"radius10":0,"radius12":0,"radius7_quad":{"ne":300,"se":200,"sw":130,"nw":150},"radius10_quad":{"ne":0,"se":0,"sw":0,"nw":0},"radius12_quad":{"ne":0,"se":0,"sw":0,"nw":0},"remark":"","forecast":[{"sets":"中国","points":[{"time":"2019-09-29T05:00:00","longitude":127.3,"latitude":18.7,"strong":"热带风暴(TS)","power":9,"speed":23,"move_dir":null,"move_speed":null,"pressure":990,"radius7":null,"radius10":null,"remark":null},{"time":"2019-09-29T17:00:00","longitude":125.2,"latitude":19.9,"strong":"强热带风暴(STS)","power":10,"speed":25,"move_dir":null,"move_speed":null,"pressure":985,"radius7":null,"radius10":null,"remark":null},{"time":"2019-09-30T05:00:00","longitude":123.7,"latitude":21.6,"strong":"强热带风暴(STS)","power":11,"speed":30,"move_dir":null,"move_speed":null,"pressure":980,"radius7":null,"radius10":null,"remark":null},{"time":"2019-09-30T17:00:00","longitude":123.1,"latitude":24.3,"strong":"台风(TY)","power":12,"speed":35,"move_dir":null,"move_speed":null,"pressure":970,"radius7":null,"radius10":null,"remark":null},{"time":"2019-10-01T05:00:00","longitude":122.8,"latitude":27.0,"strong":"强台风(STY)","power":14,"speed":42,"move_dir":null,"move_speed":null,"pressure":955,"radius7":null,"radius10":null,"remark":null},{"time":"2019-10-01T17:00:00","longitude":123.2,"latitude":29.6,"strong":"台风(TY)","power":13,"speed":38,"move_dir":null,"move_speed":null,"pressure":960,"radius7":null,"radius10":null,"remark":null},{"time":"2019-10-02T17:00:00","longitude":126.6,"latitude":34.4,"strong":"台风(TY)","power":12,"speed":33,"move_dir":null,"move_speed":null,"pressure":970,"radius7":null,"radius10":null,"remark":null},{"time":"2019-10-03T17:00:00","longitude":131.7,"latitude":37.8,"strong":"强热带风暴(STS)","power":10,"speed":28,"move_dir":null,"move_speed":null,"pressure":980,"radius7":null,"radius10":null,"remark":null}]},{"sets":"日本","points":[{"time":"2019-09-29T05:00:00","longitude":127.0,"latitude":18.8,"strong":"强热带风暴(STS)","power":10,"speed":25,"move_dir":null,"move_speed":null,"pressure":992,"radius7":null,"radius10":null,"remark":null},{"time":"2019-09-29T17:00:00","longitude":124.9,"latitude":20.3,"strong":"强热带风暴(STS)","power":11,"speed":31,"move_dir":"西北","move_speed":22,"pressure":985,"radius7":null,"radius10":null,"remark":null},{"time":"2019-09-30T14:00:00","longitude":123.9,"latitude":23.3,"strong":"台风(TY)","power":13,"speed":39,"move_dir":"北西北","move_speed":20,"pressure":970,"radius7":null,"radius10":null,"remark":null},{"time":"2019-10-01T14:00:00","longitude":124.4,"latitude":29.3,"strong":"台风(TY)","power":13,"speed":41,"move_dir":"北","move_speed":27,"pressure":955,"radius7":null,"radius10":null,"remark":null},{"time":"2019-10-02T14:00:00","longitude":127.8,"latitude":34.3,"strong":"台风(TY)","power":12,"speed":35,"move_dir":null,"move_speed":null,"pressure":970,"radius7":null,"radius10":null,"remark":null},{"time":"2019-10-03T14:00:00","longitude":133.2,"latitude":38.4,"strong":"强热带风暴(STS)","power":11,"speed":30,"move_dir":null,"move_speed":null,"pressure":985,"radius7":null,"radius10":null,"remark":null}]}]},{"time":"2019-09-28T20:00:00","longitude":129.3,"latitude":17.7,"strong":"热带风暴(TS)","power":9,"speed":23,"move_dir":"西西北","move_speed":27,"pressure":990,"radius7":300,"radius10":0,"radius12":0,"radius7_quad":{"ne":300,"se":200,"sw":160,"nw":180},"radius10_quad":{"ne":0,"se":0,"sw":0,"nw":0},"radius12_quad":{"ne":0,"se":0,"sw":0,"nw":0},"remark":"","forecast":[{"sets":"中国","points":[{"time":"2019-09-29T08:00:00","longitude":126.5,"latitude":19.1,"strong":"强热带风暴(STS)","power":10,"speed":25,"move_dir":null,"move_speed":null,"pressure":985,"radius7":null,"radius10":null,"remark":null},{"time":"2019-09-29T20:00:00","longitude":124.4,"latitude":20.6,"strong":"强热带风暴(STS)","power":10,"speed":28,"move_dir":null,"move_speed":null,"pressure":982,"radius7":null,"radius10":null,"remark":null},{"time":"2019-09-30T08:00:00","longitude":123.3,"latitude":22.8,"strong":"台风(TY)","power":12,"speed":33,"move_dir":null,"move_speed":null,"pressure":975,"radius7":null,"radius10":null,"remark":null},{"time":"2019-09-30T20:00:00","longitude":123.0,"latitude":25.3,"strong":"台风(TY)","power":13,"speed":38,"move_dir":null,"move_speed":null,"pressure":965,"radius7":null,"radius10":null,"remark":null},{"time":"2019-10-01T08:00:00","longitude":122.8,"latitude":27.9,"strong":"强台风(STY)","power":14,"speed":42,"move_dir":null,"move_speed":null,"pressure":955,"radius7":null,"radius10":null,"remark":null},{"time":"2019-10-01T20:00:00","longitude":123.6,"latitude":30.4,"strong":"台风(TY)","power":13,"speed":38,"move_dir":null,"move_speed":null,"pressure":965,"radius7":null,"radius10":null,"remark":null},{"time":"2019-10-02T20:00:00","longitude":127.1,"latitude":34.9,"strong":"台风(TY)","power":12,"speed":33,"move_dir":null,"move_speed":null,"pressure":975,"radius7":null,"radius10":null,"remark":null},{"time":"2019-10-03T20:00:00","longitude":132.8,"latitude":38.3,"strong":"强热带风暴(STS)","power":10,"speed":28,"move_dir":null,"move_speed":null,"pressure":982,"radius7":null,"radius10":null,"remark":null}]},{"sets":"日本","points":[{"time":"2019-09-29T08:00:00","longitude":126.8,"latitude":18.9,"strong":"强热带风暴(STS)","power":11,"speed":30,"move_dir":null,"move_speed":null,"pressure":985,"radius7":null,"radius10":null,"remark":null},{"time":"2019-09-29T20:00:00","longitude":125.0,"latitude":20.4,"strong":"台风(TY)","power":12,"speed":33,"move_dir":"西北","move_speed":20,"pressure":975,"radius7":null,"radius10":null,"remark":null},{"time":"2019-09-30T20:00:00","longitude":123.4,"latitude":25.0,"strong":"台风(TY)","power":13,"speed":39,"move_dir":"北西北","move_speed":22,"pressure":965,"radius7":null,"radius10":null,"remark":null},{"time":"2019-10-01T20:00:00","longitude":124.5,"latitude":30.4,"strong":"台风(TY)","power":12,"speed":36,"move_dir":"北","move_speed":25,"pressure":970,"radius7":null,"radius10":null,"remark":null},{"time":"2019-10-02T20:00:00","longitude":129.0,"latitude":35.4,"strong":"强热带风暴(STS)","power":11,"speed":30,"move_dir":null,"move_speed":null,"pressure":980,"radius7":null,"radius10":null,"remark":null},{"time":"2019-10-03T20:00:00","longitude":134.3,"latitude":38.2,"strong":"热带风暴(TS)","power":9,"speed":23,"move_dir":null,"move_speed":null,"pressure":992,"radius7":null,"radius10":null,"remark":null}]},{"sets":"韩国","points":[{"time":"2019-09-29T08:00:00","longitude":126.5,"latitude":19.2,"strong":"强热带风暴(STS)","power":10,"speed":27,"move_dir":null,"move_speed":null,"pressure":985,"radius7":null,"radius10":null,"remark":null},{"time":"2019-09-29T20:00:00","longitude":124.4,"latitude":20.8,"strong":"台风(TY)","power":12,"speed":35,"move_dir":null,"move_speed":null,"pressure":970,"radius7":null,"radius10":null,"remark":null},{"time":"2019-09-30T08:00:00","longitude":123.4,"latitude":22.9,"strong":"台风(TY)","power":13,"speed":39,"move_dir":null,"move_speed":null,"pressure":960,"radius7":null,"radius10":null,"remark":null},{"time":"2019-09-30T20:00:00","longitude":122.9,"latitude":25.1,"strong":"台风(TY)","power":13,"speed":40,"move_dir":null,"move_speed":null,"pressure":955,"radius7":null,"radius10":null,"remark":null},{"time":"2019-10-01T20:00:00","longitude":124.4,"latitude":30.5,"strong":"台风(TY)","power":13,"speed":37,"move_dir":null,"move_speed":null,"pressure":965,"radius7":null,"radius10":null,"remark":null},{"time":"2019-10-02T20:00:00","longitude":128.7,"latitude":35.4,"strong":"强热带风暴(STS)","power":11,"speed":32,"move_dir":null,"move_speed":null,"pressure":975,"radius7":null,"radius10":null,"remark":null},{"time":"2019-10-03T20:00:00","longitude":134.9,"latitude":39.1,"strong":"强热带风暴(STS)","power":10,"speed":27,"move_dir":null,"move_speed":null,"pressure":985,"radius7":null,"radius10":null,"remark":null}]},{"sets":"中国台湾","points":[{"time":"2019-09-29T08:00:00","longitude":126.8,"latitude":18.8,"strong":"强热带风暴(STS)","power":10,"speed":25,"move_dir":null,"move_speed":null,"pressure":null,"radius7":null,"radius10":null,"remark":null},{"time":"2019-09-29T20:00:00","longitude":124.9,"latitude":20.1,"strong":"强热带风暴(STS)","power":10,"speed":28,"move_dir":null,"move_speed":null,"pressure":null,"radius7":null,"radius10":null,"remark":null},{"time":"2019-09-30T08:00:00","longitude":123.5,"latitude":21.8,"strong":"台风(TY)","power":12,"speed":33,"move_dir":null,"move_speed":null,"pressure":null,"radius7":null,"radius10":null,"remark":null},{"time":"2019-09-30T20:00:00","longitude":122.9,"latitude":24.9,"strong":"台风(TY)","power":13,"speed":40,"move_dir":null,"move_speed":null,"pressure":null,"radius7":null,"radius10":null,"remark":null},{"time":"2019-10-01T20:00:00","longitude":123.1,"latitude":29.9,"strong":"台风(TY)","power":13,"speed":40,"move_dir":null,"move_speed":null,"pressure":null,"radius7":null,"radius10":null,"remark":null},{"time":"2019-10-02T20:00:00","longitude":126.1,"latitude":34.7,"strong":"台风(TY)","power":12,"speed":35,"move_dir":null,"move_speed":null,"pressure":null,"radius7":null,"radius10":null,"remark":null},{"time":"2019-10-03T20:00:00","longitude":131.4,"latitude":37.4,"strong":"强热带风暴(STS)","power":10,"speed":25,"move_dir":null,"move_speed":null,"pressure":null,"radius7":null,"radius10":null,"remark":null}]},{"sets":"中国香港","points":[{"time":"2019-09-29T20:00:00","longitude":124.9,"latitude":20.1,"strong":"强热带风暴(STS)","power":11,"speed":30,"move_dir":null,"move_speed":null,"pressure":null,"radius7":null,"radius10":null,"remark":null},{"time":"2019-09-30T20:00:00","longitude":123.1,"latitude":25.0,"strong":"台风(TY)","power":13,"speed":40,"move_dir":null,"move_speed":null,"pressure":null,"radius7":null,"radius10":null,"remark":null},{"time":"2019-10-01T20:00:00","longitude":123.8,"latitude":30.4,"strong":"台风(TY)","power":13,"speed":39,"move_dir":null,"move_speed":null,"pressure":null,"radius7":null,"radius10":null,"remark":null},{"time":"2019-10-02T20:00:00","longitude":128.2,"latitude":35.0,"strong":"强热带风暴(STS)","power":11,"speed":30,"move_dir":null,"move_speed":null,"pressure":null,"radius7":null,"radius10":null,"remark":null},{"time":"2019-10-03T20:00:00","longitude":134.6,"latitude":38.3,"strong":"强热带风暴(STS)","power":10,"speed":25,"move_dir":null,"move_speed":null,"pressure":null,"radius7":null,"radius10":null,"remark":null}]},{"sets":"美国","points":[{"time":"2019-09-29T20:00:00","longitude":124.6,"latitude":20.3,"strong":"台风(TY)","power":12,"speed":36,"move_dir":null,"move_speed":null,"pressure":null,"radius7":null,"radius10":null,"remark":null},{"time":"2019-09-30T20:00:00","longitude":122.6,"latitude":25.3,"strong":"强台风(STY)","power":14,"speed":44,"move_dir":null,"move_speed":null,"pressure":null,"radius7":null,"radius10":null,"remark":null},{"time":"2019-10-01T20:00:00","longitude":123.3,"latitude":30.6,"strong":"台风(TY)","power":13,"speed":41,"move_dir":null,"move_speed":null,"pressure":null,"radius7":null,"radius10":null,"remark":null},{"time":"2019-10-02T20:00:00","longitude":127.6,"latitude":35.4,"strong":"台风(TY)","power":12,"speed":33,"move_dir":null,"move_speed":null,"pressure":null,"radius7":null,"radius10":null,"remark":null},{"time":"2019-10-03T20:00:00","longitude":133.6,"latitude":38.2,"strong":"强热带风暴(STS)","power":10,"speed":26,"move_dir":null,"move_speed":null,"pressure":null,"radius7":null,"radius10":null,"remark":null}]},{"sets":"菲律宾","points":[{"time":"2019-09-29T20:00:00","longitude":125.0,"latitude":20.1,"strong":null,"power":null,"speed":null,"move_dir":null,"move_speed":null,"pressure":null,"radius7":null,"radius10":null,"remark":null},{"time":"2019-09-30T20:00:00","longitude":123.3,"latitude":24.9,"strong":null,"power":null,"speed":null,"move_dir":null,"move_speed":null,"pressure":null,"radius7":null,"radius10":null,"remark":null},{"time":"2019-10-01T20:00:00","longitude":124.2,"latitude":30.3,"strong":null,"power":null,"speed":null,"move_dir":null,"move_speed":null,"pressure":null,"radius7":null,"radius10":null,"remark":null}]}]},{"time":"2019-09-28T23:00:00","longitude":127.7,"latitude":17.7,"strong":"热带风暴(TS)","power":9,"speed":23,"move_dir":"西北","move_speed":27,"pressure":990,"radius7":300,"radius10":0,"radius12":0,"radius7_quad":{"ne":300,"se":200,"sw":160,"nw":180},"radius10_quad":{"ne":0,"se":0,"sw":0,"nw":0},"radius12_quad":{"ne":0,"se":0,"sw":0,"nw":0},"remark":"","forecast":[{"sets":"中国","points":[{"time":"2019-09-29T11:00:00","longitude":125.4,"latitude":19.5,"strong":"强热带风暴(STS)","power":10,"speed":25,"move_dir":null,"move_speed":null,"pressure":985,"radius7":null,"radius10":null,"remark":null},{"time":"2019-09-29T23:00:00","longitude":123.9,"latitude":21.3,"strong":"强热带风暴(STS)","power":10,"speed":28,"move_dir":null,"move_speed":null,"pressure":982,"radius7":null,"radius10":null,"remark":null},{"time":"2019-09-30T11:00:00","longitude":123.1,"latitude":23.4,"strong":"台风(TY)","power":12,"speed":33,"move_dir":null,"move_speed":null,"pressure":975,"radius7":null,"radius10":null,"remark":null},{"time":"2019-09-30T23:00:00","longitude":122.8,"latitude":25.8,"strong":"台风(TY)","power":13,"speed":38,"move_dir":null,"move_speed":null,"pressure":965,"radius7":null,"radius10":null,"remark":null},{"time":"2019-10-01T11:00:00","longitude":122.8,"latitude":28.4,"strong":"强台风(STY)","power":14,"speed":42,"move_dir":null,"move_speed":null,"pressure":955,"radius7":null,"radius10":null,"remark":null},{"time":"2019-10-01T23:00:00","longitude":123.6,"latitude":31.0,"strong":"台风(TY)","power":13,"speed":38,"move_dir":null,"move_speed":null,"pressure":965,"radius7":null,"radius10":null,"remark":null},{"time":"2019-10-02T23:00:00","longitude":127.5,"latitude":35.3,"strong":"台风(TY)","power":12,"speed":33,"move_dir":null,"move_speed":null,"pressure":975,"radius7":null,"radius10":null,"remark":null},{"time":"2019-10-03T23:00:00","longitude":133.2,"latitude":38.3,"strong":"强热带风暴(STS)","power":10,"speed":28,"move_dir":null,"move_speed":null,"pressure":982,"radius7":null,"radius10":null,"remark":null}]},{"sets":"日本","points":[{"time":"2019-09-29T11:00:00","longitude":126.3,"latitude":19.0,"strong":"强热带风暴(STS)","power":11,"speed":30,"move_dir":null,"move_speed":null,"pressure":985,"radius7":null,"radius10":null,"remark":null},{"time":"2019-09-29T23:00:00","longitude":124.5,"latitude":20.4,"strong":"台风(TY)","power":12,"speed":35,"move_dir":null,"move_speed":null,"pressure":975,"radius7":null,"radius10":null,"remark":null},{"time":"2019-09-30T20:00:00","longitude":123.4,"latitude":25.0,"strong":"台风(TY)","power":13,"speed":40,"move_dir":null,"move_speed":null,"pressure":965,"radius7":null,"radius10":null,"remark":null},{"time":"2019-10-01T20:00:00","longitude":124.5,"latitude":30.4,"strong":"台风(TY)","power":12,"speed":35,"move_dir":null,"move_speed":null,"pressure":970,"radius7":null,"radius10":null,"remark":null},{"time":"2019-10-02T20:00:00","longitude":129.0,"latitude":35.4,"strong":"强热带风暴(STS)","power":11,"speed":30,"move_dir":null,"move_speed":null,"pressure":980,"radius7":null,"radius10":null,"remark":null},{"time":"2019-10-03T20:00:00","longitude":134.3,"latitude":38.2,"strong":"热带风暴(TS)","power":9,"speed":23,"move_dir":null,"move_speed":null,"pressure":992,"radius7":null,"radius10":null,"remark":null}]}]},{"time":"2019-09-29T02:00:00","longitude":127.6,"latitude":17.8,"strong":"热带风暴(TS)","power":9,"speed":23,"move_dir":"西北","move_speed":27,"pressure":990,"radius7":300,"radius10":0,"radius12":0,"radius7_quad":{"ne":300,"se":200,"sw":160,"nw":180},"radius10_quad":{"ne":0,"se":0,"sw":0,"nw":0},"radius12_quad":{"ne":0,"se":0,"sw":0,"nw":0},"remark":"","forecast":[{"sets":"中国","points":[{"time":"2019-09-29T14:00:00","longitude":125.3,"latitude":19.6,"strong":"强热带风暴(STS)","power":10,"speed":25,"move_dir":null,"move_speed":null,"pressure":985,"radius7":null,"radius10":null,"remark":null},{"time":"2019-09-30T02:00:00","longitude":123.8,"latitude":21.2,"strong":"强热带风暴(STS)","power":10,"speed":28,"move_dir":null,"move_speed":null,"pressure":982,"radius7":null,"radius10":null,"remark":null},{"time":"2019-09-30T14:00:00","longitude":122.9,"latitude":23.6,"strong":"台风(TY)","power":12,"speed":33,"move_dir":null,"move_speed":null,"pressure":975,"radius7":null,"radius10":null,"remark":null},{"time":"2019-10-01T02:00:00","longitude":122.3,"latitude":26.2,"strong":"台风(TY)","power":13,"speed":38,"move_dir":null,"move_speed":null,"pressure":965,"radius7":null,"radius10":null,"remark":null},{"time":"2019-10-01T14:00:00","longitude":122.6,"latitude":28.6,"strong":"强台风(STY)","power":14,"speed":42,"move_dir":null,"move_speed":null,"pressure":955,"radius7":null,"radius10":null,"remark":null},{"time":"2019-10-02T02:00:00","longitude":123.3,"latitude":31.1,"strong":"台风(TY)","power":13,"speed":38,"move_dir":null,"move_speed":null,"pressure":965,"radius7":null,"radius10":null,"remark":null},{"time":"2019-10-03T02:00:00","longitude":127.6,"latitude":35.7,"strong":"强热带风暴(STS)","power":11,"speed":30,"move_dir":null,"move_speed":null,"pressure":980,"radius7":null,"radius10":null,"remark":null},{"time":"2019-10-04T02:00:00","longitude":133.3,"latitude":38.7,"strong":"强热带风暴(STS)","power":10,"speed":25,"move_dir":null,"move_speed":null,"pressure":985,"radius7":null,"radius10":null,"remark":null}]},{"sets":"日本","points":[{"time":"2019-09-29T14:00:00","longitude":125.8,"latitude":19.4,"strong":"强热带风暴(STS)","power":11,"speed":30,"move_dir":null,"move_speed":null,"pressure":980,"radius7":null,"radius10":null,"remark":null},{"time":"2019-09-30T02:00:00","longitude":124.2,"latitude":21.0,"strong":"台风(TY)","power":12,"speed":35,"move_dir":null,"move_speed":null,"pressure":970,"radius7":null,"radius10":null,"remark":null},{"time":"2019-10-01T02:00:00","longitude":122.6,"latitude":26.5,"strong":"台风(TY)","power":13,"speed":40,"move_dir":null,"move_speed":null,"pressure":965,"radius7":null,"radius10":null,"remark":null},{"time":"2019-10-02T02:00:00","longitude":124.3,"latitude":31.8,"strong":"台风(TY)","power":12,"speed":35,"move_dir":null,"move_speed":null,"pressure":975,"radius7":null,"radius10":null,"remark":null},{"time":"2019-10-03T02:00:00","longitude":129.2,"latitude":36.8,"strong":"强热带风暴(STS)","power":11,"speed":30,"move_dir":null,"move_speed":null,"pressure":985,"radius7":null,"radius10":null,"remark":null},{"time":"2019-10-04T02:00:00","longitude":135.7,"latitude":38.4,"strong":"热带风暴(TS)","power":9,"speed":23,"move_dir":null,"move_speed":null,"pressure":992,"radius7":null,"radius10":null,"remark":null}]},{"sets":"韩国","points":[{"time":"2019-09-29T14:00:00","longitude":125.6,"latitude":19.7,"strong":"强热带风暴(STS)","power":11,"speed":32,"move_dir":null,"move_speed":null,"pressure":975,"radius7":null,"radius10":null,"remark":null},{"time":"2019-09-30T02:00:00","longitude":123.8,"latitude":21.6,"strong":"台风(TY)","power":13,"speed":37,"move_dir":null,"move_speed":null,"pressure":965,"radius7":null,"radius10":null,"remark":null},{"time":"2019-09-30T14:00:00","longitude":122.6,"latitude":23.8,"strong":"台风(TY)","power":13,"speed":39,"move_dir":null,"move_speed":null,"pressure":960,"radius7":null,"radius10":null,"remark":null},{"time":"2019-10-01T02:00:00","longitude":122.4,"latitude":26.5,"strong":"台风(TY)","power":13,"speed":37,"move_dir":null,"move_speed":null,"pressure":965,"radius7":null,"radius10":null,"remark":null},{"time":"2019-10-02T02:00:00","longitude":124.0,"latitude":32.4,"strong":"台风(TY)","power":12,"speed":35,"move_dir":null,"move_speed":null,"pressure":970,"radius7":null,"radius10":null,"remark":null},{"time":"2019-10-03T02:00:00","longitude":129.2,"latitude":37.0,"strong":"强热带风暴(STS)","power":10,"speed":27,"move_dir":null,"move_speed":null,"pressure":985,"radius7":null,"radius10":null,"remark":null},{"time":"2019-10-04T02:00:00","longitude":136.8,"latitude":39.3,"strong":"热带风暴(TS)","power":9,"speed":24,"move_dir":null,"move_speed":null,"pressure":990,"radius7":null,"radius10":null,"remark":null}]},{"sets":"中国台湾","points":[{"time":"2019-09-29T14:00:00","longitude":125.7,"latitude":19.2,"strong":"强热带风暴(STS)","power":11,"speed":30,"move_dir":null,"move_speed":null,"pressure":null,"radius7":null,"radius10":null,"remark":null},{"time":"2019-09-30T02:00:00","longitude":124.0,"latitude":20.7,"strong":"台风(TY)","power":12,"speed":33,"move_dir":null,"move_speed":null,"pressure":null,"radius7":null,"radius10":null,"remark":null},{"time":"2019-09-30T14:00:00","longitude":123.2,"latitude":22.8,"strong":"台风(TY)","power":13,"speed":38,"move_dir":null,"move_speed":null,"pressure":null,"radius7":null,"radius10":null,"remark":null},{"time":"2019-10-01T02:00:00","longitude":122.3,"latitude":25.9,"strong":"台风(TY)","power":13,"speed":38,"move_dir":null,"move_speed":null,"pressure":null,"radius7":null,"radius10":null,"remark":null},{"time":"2019-10-02T02:00:00","longitude":123.7,"latitude":31.3,"strong":"台风(TY)","power":12,"speed":35,"move_dir":null,"move_speed":null,"pressure":null,"radius7":null,"radius10":null,"remark":null},{"time":"2019-10-03T02:00:00","longitude":127.6,"latitude":35.7,"strong":"强热带风暴(STS)","power":10,"speed":28,"move_dir":null,"move_speed":null,"pressure":null,"radius7":null,"radius10":null,"remark":null},{"time":"2019-10-04T02:00:00","longitude":133.8,"latitude":38.4,"strong":"强热带风暴(STS)","power":10,"speed":25,"move_dir":null,"move_speed":null,"pressure":null,"radius7":null,"radius10":null,"remark":null}]},{"sets":"中国香港","points":[{"time":"2019-09-30T02:00:00","longitude":123.9,"latitude":20.9,"strong":"台风(TY)","power":12,"speed":33,"move_dir":null,"move_speed":null,"pressure":null,"radius7":null,"radius10":null,"remark":null},{"time":"2019-10-01T02:00:00","longitude":122.4,"latitude":26.3,"strong":"台风(TY)","power":13,"speed":40,"move_dir":null,"move_speed":null,"pressure":null,"radius7":null,"radius10":null,"remark":null},{"time":"2019-10-02T02:00:00","longitude":123.8,"latitude":31.3,"strong":"台风(TY)","power":13,"speed":39,"move_dir":null,"move_speed":null,"pressure":null,"radius7":null,"radius10":null,"remark":null},{"time":"2019-10-03T02:00:00","longitude":128.3,"latitude":36.1,"strong":"强热带风暴(STS)","power":11,"speed":29,"move_dir":null,"move_speed":null,"pressure":null,"radius7":null,"radius10":null,"remark":null},{"time":"2019-10-04T02:00:00","longitude":134.6,"latitude":38.2,"strong":"热带风暴(TS)","power":9,"speed":24,"move_dir":null,"move_speed":null,"pressure":null,"radius7":null,"radius10":null,"remark":null}]},{"sets":"美国","points":[{"time":"2019-09-30T02:00:00","longitude":123.8,"latitude":21.0,"strong":"台风(TY)","power":12,"speed":33,"move_dir":null,"move_speed":null,"pressure":null,"radius7":null,"radius10":null,"remark":null},{"time":"2019-10-01T02:00:00","longitude":122.6,"latitude":26.2,"strong":"台风(TY)","power":13,"speed":41,"move_dir":null,"move_speed":null,"pressure":null,"radius7":null,"radius10":null,"remark":null},{"time":"2019-10-02T02:00:00","longitude":124.2,"latitude":31.4,"strong":"台风(TY)","power":12,"speed":36,"move_dir":null,"move_speed":null,"pressure":null,"radius7":null,"radius10":null,"remark":null},{"time":"2019-10-03T02:00:00","longitude":128.9,"latitude":35.6,"strong":"强热带风暴(STS)","power":10,"speed":28,"move_dir":null,"move_speed":null,"pressure":null,"radius7":null,"radius10":null,"remark":null},{"time":"2019-10-04T02:00:00","longitude":134.8,"latitude":38.5,"strong":"热带风暴(TS)","power":9,"speed":21,"move_dir":null,"move_speed":null,"pressure":null,"radius7":null,"radius10":null,"remark":null}]},{"sets":"菲律宾","points":[{"time":"2019-09-30T02:00:00","longitude":124.2,"latitude":20.0,"strong":null,"power":null,"speed":null,"move_dir":null,"move_speed":null,"pressure":null,"radius7":null,"radius10":null,"remark":null},{"time":"2019-10-01T02:00:00","longitude":122.8,"latitude":26.3,"strong":null,"power":null,"speed":null,"move_dir":null,"move_speed":null,"pressure":null,"radius7":null,"radius10":null,"remark":null},{"time":"2019-10-02T02:00:00","longitude":124.8,"latitude":31.4,"strong":null,"power":null,"speed":null,"move_dir":null,"move_speed":null,"pressure":null,"radius7":null,"radius10":null,"remark":null}]}]},{"time":"2019-09-29T05:00:00","longitude":127.1,"latitude":17.9,"strong":"强热带风暴(STS)","power":10,"speed":28,"move_dir":"西北","move_speed":26,"pressure":982,"radius7":300,"radius10":60,"radius12":0,"radius7_quad":{"ne":300,"se":250,"sw":220,"nw":280},"radius10_quad":{"ne":60,"se":50,"sw":50,"nw":50},"radius12_quad":{"ne":0,"se":0,"sw":0,"nw":0},"remark":"","forecast":[{"sets":"中国","points":[{"time":"2019-09-29T17:00:00","longitude":125.0,"latitude":19.8,"strong":"台风(TY)","power":12,"speed":33,"move_dir":null,"move_speed":null,"pressure":975,"radius7":null,"radius10":null,"remark":null},{"time":"2019-09-30T05:00:00","longitude":123.3,"latitude":21.5,"strong":"台风(TY)","power":13,"speed":38,"move_dir":null,"move_speed":null,"pressure":965,"radius7":null,"radius10":null,"remark":null},{"time":"2019-09-30T17:00:00","longitude":122.5,"latitude":24.2,"strong":"台风(TY)","power":13,"speed":40,"move_dir":null,"move_speed":null,"pressure":960,"radius7":null,"radius10":null,"remark":null},{"time":"2019-10-01T05:00:00","longitude":121.6,"latitude":26.5,"strong":"强台风(STY)","power":14,"speed":42,"move_dir":null,"move_speed":null,"pressure":955,"radius7":null,"radius10":null,"remark":null},{"time":"2019-10-01T17:00:00","longitude":121.9,"latitude":28.8,"strong":"台风(TY)","power":13,"speed":38,"move_dir":null,"move_speed":null,"pressure":965,"radius7":null,"radius10":null,"remark":null},{"time":"2019-10-02T05:00:00","longitude":122.8,"latitude":31.2,"strong":"台风(TY)","power":12,"speed":35,"move_dir":null,"move_speed":null,"pressure":970,"radius7":null,"radius10":null,"remark":null},{"time":"2019-10-03T05:00:00","longitude":126.8,"latitude":35.7,"strong":"强热带风暴(STS)","power":11,"speed":30,"move_dir":null,"move_speed":null,"pressure":980,"radius7":null,"radius10":null,"remark":null},{"time":"2019-10-04T05:00:00","longitude":133.2,"latitude":38.4,"strong":"强热带风暴(STS)","power":10,"speed":25,"move_dir":null,"move_speed":null,"pressure":985,"radius7":null,"radius10":null,"remark":null}]},{"sets":"日本","points":[{"time":"2019-09-29T17:00:00","longitude":125.3,"latitude":19.8,"strong":"强热带风暴(STS)","power":11,"speed":30,"move_dir":null,"move_speed":null,"pressure":980,"radius7":null,"radius10":null,"remark":null},{"time":"2019-09-30T05:00:00","longitude":123.8,"latitude":21.7,"strong":"台风(TY)","power":12,"speed":36,"move_dir":"西北","move_speed":22,"pressure":970,"radius7":null,"radius10":null,"remark":null},{"time":"2019-10-01T02:00:00","longitude":122.6,"latitude":26.5,"strong":"台风(TY)","power":13,"speed":39,"move_dir":"北","move_speed":25,"pressure":965,"radius7":null,"radius10":null,"remark":null},{"time":"2019-10-02T02:00:00","longitude":124.3,"latitude":31.8,"strong":"台风(TY)","power":12,"speed":33,"move_dir":"北东北","move_speed":25,"pressure":975,"radius7":null,"radius10":null,"remark":null},{"time":"2019-10-03T02:00:00","longitude":129.2,"latitude":36.8,"strong":"强热带风暴(STS)","power":11,"speed":30,"move_dir":null,"move_speed":null,"pressure":985,"radius7":null,"radius10":null,"remark":null},{"time":"2019-10-04T02:00:00","longitude":135.7,"latitude":38.4,"strong":"热带风暴(TS)","power":9,"speed":23,"move_dir":null,"move_speed":null,"pressure":992,"radius7":null,"radius10":null,"remark":null}]}]},{"time":"2019-09-29T08:00:00","longitude":126.9,"latitude":18.3,"strong":"强热带风暴(STS)","power":10,"speed":28,"move_dir":"西北","move_speed":25,"pressure":982,"radius7":300,"radius10":60,"radius12":0,"radius7_quad":{"ne":300,"se":250,"sw":220,"nw":280},"radius10_quad":{"ne":60,"se":50,"sw":50,"nw":50},"radius12_quad":{"ne":0,"se":0,"sw":0,"nw":0},"remark":"","forecast":[{"sets":"中国","points":[{"time":"2019-09-29T20:00:00","longitude":124.9,"latitude":20.1,"strong":"台风(TY)","power":12,"speed":33,"move_dir":null,"move_speed":null,"pressure":975,"radius7":null,"radius10":null,"remark":null},{"time":"2019-09-30T08:00:00","longitude":123.2,"latitude":21.8,"strong":"台风(TY)","power":13,"speed":38,"move_dir":null,"move_speed":null,"pressure":965,"radius7":null,"radius10":null,"remark":null},{"time":"2019-09-30T20:00:00","longitude":122.5,"latitude":24.9,"strong":"强台风(STY)","power":14,"speed":42,"move_dir":null,"move_speed":null,"pressure":955,"radius7":null,"radius10":null,"remark":null},{"time":"2019-10-01T08:00:00","longitude":121.8,"latitude":27.2,"strong":"台风(TY)","power":13,"speed":40,"move_dir":null,"move_speed":null,"pressure":960,"radius7":null,"radius10":null,"remark":null},{"time":"2019-10-01T20:00:00","longitude":122.4,"latitude":29.7,"strong":"台风(TY)","power":12,"speed":35,"move_dir":null,"move_speed":null,"pressure":970,"radius7":null,"radius10":null,"remark":null},{"time":"2019-10-02T08:00:00","longitude":123.6,"latitude":32.3,"strong":"台风(TY)","power":12,"speed":33,"move_dir":null,"move_speed":null,"pressure":975,"radius7":null,"radius10":null,"remark":null},{"time":"2019-10-03T08:00:00","longitude":127.4,"latitude":36.9,"strong":"强热带风暴(STS)","power":10,"speed":28,"move_dir":null,"move_speed":null,"pressure":980,"radius7":null,"radius10":null,"remark":null},{"time":"2019-10-04T08:00:00","longitude":135.1,"latitude":39.7,"strong":"热带风暴(TS)","power":8,"speed":20,"move_dir":null,"move_speed":null,"pressure":988,"radius7":null,"radius10":null,"remark":null}]},{"sets":"日本","points":[{"time":"2019-09-29T20:00:00","longitude":124.9,"latitude":19.9,"strong":"台风(TY)","power":12,"speed":35,"move_dir":null,"move_speed":null,"pressure":975,"radius7":null,"radius10":null,"remark":null},{"time":"2019-09-30T08:00:00","longitude":123.6,"latitude":21.8,"strong":"台风(TY)","power":12,"speed":36,"move_dir":"北西北","move_speed":20,"pressure":970,"radius7":null,"radius10":null,"remark":null},{"time":"2019-10-01T08:00:00","longitude":122.6,"latitude":27.4,"strong":"台风(TY)","power":13,"speed":39,"move_dir":"北","move_speed":25,"pressure":965,"radius7":null,"radius10":null,"remark":null},{"time":"2019-10-02T08:00:00","longitude":125.2,"latitude":33.2,"strong":"强热带风暴(STS)","power":11,"speed":31,"move_dir":"北东北","move_speed":27,"pressure":980,"radius7":null,"radius10":null,"remark":null},{"time":"2019-10-03T08:00:00","longitude":130.4,"latitude":37.2,"strong":"强热带风暴(STS)","power":10,"speed":25,"move_dir":null,"move_speed":null,"pressure":990,"radius7":null,"radius10":null,"remark":null},{"time":"2019-10-04T08:00:00","longitude":138.3,"latitude":39.3,"strong":"热带风暴(TS)","power":9,"speed":23,"move_dir":null,"move_speed":null,"pressure":992,"radius7":null,"radius10":null,"remark":null}]},{"sets":"中国台湾","points":[{"time":"2019-09-29T20:00:00","longitude":124.9,"latitude":19.7,"strong":"台风(TY)","power":12,"speed":33,"move_dir":null,"move_speed":null,"pressure":null,"radius7":null,"radius10":null,"remark":null},{"time":"2019-09-30T08:00:00","longitude":123.5,"latitude":21.4,"strong":null,"power":null,"speed":null,"move_dir":null,"move_speed":null,"pressure":null,"radius7":null,"radius10":null,"remark":null},{"time":"2019-09-30T20:00:00","longitude":122.7,"latitude":24.1,"strong":"台风(TY)","power":13,"speed":38,"move_dir":null,"move_speed":null,"pressure":null,"radius7":null,"radius10":null,"remark":null},{"time":"2019-10-01T08:00:00","longitude":122.4,"latitude":26.9,"strong":null,"power":null,"speed":null,"move_dir":null,"move_speed":null,"pressure":null,"radius7":null,"radius10":null,"remark":null},{"time":"2019-10-02T08:00:00","longitude":124.7,"latitude":32.1,"strong":null,"power":null,"speed":null,"move_dir":null,"move_speed":null,"pressure":null,"radius7":null,"radius10":null,"remark":null},{"time":"2019-10-03T08:00:00","longitude":128.9,"latitude":36.0,"strong":null,"power":null,"speed":null,"move_dir":null,"move_speed":null,"pressure":null,"radius7":null,"radius10":null,"remark":null},{"time":"2019-10-04T08:00:00","longitude":135.6,"latitude":38.5,"strong":null,"power":null,"speed":null,"move_dir":null,"move_speed":null,"pressure":null,"radius7":null,"radius10":null,"remark":null}]},{"sets":"韩国","points":[{"time":"2019-09-29T20:00:00","longitude":124.3,"latitude":20.2,"strong":"强热带风暴(STS)","power":11,"speed":32,"move_dir":null,"move_speed":null,"pressure":975,"radius7":null,"radius10":null,"remark":null},{"time":"2019-09-30T08:00:00","longitude":122.9,"latitude":22.6,"strong":"台风(TY)","power":13,"speed":37,"move_dir":null,"move_speed":null,"pressure":965,"radius7":null,"radius10":null,"remark":null},{"time":"2019-09-30T20:00:00","longitude":122.3,"latitude":24.9,"strong":"台风(TY)","power":13,"speed":39,"move_dir":null,"move_speed":null,"pressure":960,"radius7":null,"radius10":null,"remark":null},{"time":"2019-10-01T08:00:00","longitude":122.7,"latitude":27.7,"strong":"台风(TY)","power":13,"speed":37,"move_dir":null,"move_speed":null,"pressure":965,"radius7":null,"radius10":null,"remark":null},{"time":"2019-10-02T08:00:00","longitude":125.3,"latitude":33.5,"strong":"台风(TY)","power":12,"speed":35,"move_dir":null,"move_speed":null,"pressure":970,"radius7":null,"radius10":null,"remark":null},{"time":"2019-10-03T08:00:00","longitude":130.5,"latitude":37.0,"strong":"强热带风暴(STS)","power":10,"speed":27,"move_dir":null,"move_speed":null,"pressure":985,"radius7":null,"radius10":null,"remark":null},{"time":"2019-10-04T08:00:00","longitude":137.2,"latitude":39.1,"strong":"热带风暴(TS)","power":9,"speed":24,"move_dir":null,"move_speed":null,"pressure":990,"radius7":null,"radius10":null,"remark":null}]},{"sets":"中国香港","points":[{"time":"2019-09-30T08:00:00","longitude":123.4,"latitude":22.0,"strong":"台风(TY)","power":13,"speed":39,"move_dir":null,"move_speed":null,"pressure":null,"radius7":null,"radius10":null,"remark":null},{"time":"2019-10-01T08:00:00","longitude":122.3,"latitude":27.6,"strong":"台风(TY)","power":13,"speed":40,"move_dir":null,"move_speed":null,"pressure":null,"radius7":null,"radius10":null,"remark":null},{"time":"2019-10-02T08:00:00","longitude":124.6,"latitude":32.6,"strong":"台风(TY)","power":12,"speed":33,"move_dir":null,"move_speed":null,"pressure":null,"radius7":null,"radius10":null,"remark":null},{"time":"2019-10-03T08:00:00","longitude":129.5,"latitude":37.1,"strong":"强热带风暴(STS)","power":10,"speed":25,"move_dir":null,"move_speed":null,"pressure":null,"radius7":null,"radius10":null,"remark":null},{"time":"2019-10-04T08:00:00","longitude":136.5,"latitude":38.6,"strong":"热带风暴(TS)","power":9,"speed":21,"move_dir":null,"move_speed":null,"pressure":null,"radius7":null,"radius10":null,"remark":null}]},{"sets":"美国","points":[{"time":"2019-09-30T08:00:00","longitude":123.2,"latitude":22.0,"strong":"台风(TY)","power":12,"speed":36,"move_dir":null,"move_speed":null,"pressure":null,"radius7":null,"radius10":null,"remark":null},{"time":"2019-10-01T08:00:00","longitude":122.5,"latitude":27.3,"strong":"台风(TY)","power":13,"speed":41,"move_dir":null,"move_speed":null,"pressure":null,"radius7":null,"radius10":null,"remark":null},{"time":"2019-10-02T08:00:00","longitude":124.5,"latitude":32.0,"strong":"台风(TY)","power":12,"speed":36,"move_dir":null,"move_speed":null,"pressure":null,"radius7":null,"radius10":null,"remark":null},{"time":"2019-10-03T08:00:00","longitude":128.8,"latitude":36.1,"strong":"强热带风暴(STS)","power":10,"speed":26,"move_dir":null,"move_speed":null,"pressure":null,"radius7":null,"radius10":null,"remark":null},{"time":"2019-10-04T08:00:00","longitude":134.9,"latitude":38.5,"strong":"热带风暴(TS)","power":9,"speed":21,"move_dir":null,"move_speed":null,"pressure":null,"radius7":null,"radius10":null,"remark":null}]},{"sets":"菲律宾","points":[{"time":"2019-09-30T08:00:00","longitude":123.5,"latitude":21.5,"strong":null,"power":null,"speed":null,"move_dir":null,"move_speed":null,"pressure":null,"radius7":null,"radius10":null,"remark":null},{"time":"2019-10-01T08:00:00","longitude":122.4,"latitude":27.2,"strong":null,"power":null,"speed":null,"move_dir":null,"move_speed":null,"pressure":null,"radius7":null,"radius10":null,"remark":null},{"time":"2019-10-02T08:00:00","longitude":124.6,"latitude":32.8,"strong":null,"power":null,"speed":null,"move_dir":null,"move_speed":null,"pressure":null,"radius7":null,"radius10":null,"remark":null}]}]},{"time":"2019-09-29T11:00:00","longitude":126.6,"latitude":18.9,"strong":"强热带风暴(STS)","power":10,"speed":28,"move_dir":"西北","move_speed":25,"pressure":982,"radius7":300,"radius10":60,"radius12":0,"radius7_quad":{"ne":300,"se":250,"sw":220,"nw":280},"radius10_quad":{"ne":60,"se":50,"sw":50,"nw":50},"radius12_quad":{"ne":0,"se":0,"sw":0,"nw":0},"remark":"","forecast":[{"sets":"中国","points":[{"time":"2019-09-29T23:00:00","longitude":124.4,"latitude":20.6,"strong":"台风(TY)","power":12,"speed":33,"move_dir":null,"move_speed":null,"pressure":975,"radius7":null,"radius10":null,"remark":null},{"time":"2019-09-30T11:00:00","longitude":123.3,"latitude":22.6,"strong":"台风(TY)","power":13,"speed":38,"move_dir":null,"move_speed":null,"pressure":965,"radius7":null,"radius10":null,"remark":null},{"time":"2019-09-30T23:00:00","longitude":122.6,"latitude":25.5,"strong":"强台风(STY)","power":14,"speed":42,"move_dir":null,"move_speed":null,"pressure":955,"radius7":null,"radius10":null,"remark":null},{"time":"2019-10-01T11:00:00","longitude":122.1,"latitude":27.9,"strong":"台风(TY)","power":13,"speed":40,"move_dir":null,"move_speed":null,"pressure":960,"radius7":null,"radius10":null,"remark":null},{"time":"2019-10-01T23:00:00","longitude":122.7,"latitude":30.0,"strong":"台风(TY)","power":12,"speed":35,"move_dir":null,"move_speed":null,"pressure":970,"radius7":null,"radius10":null,"remark":null},{"time":"2019-10-02T11:00:00","longitude":124.2,"latitude":32.7,"strong":"台风(TY)","power":12,"speed":33,"move_dir":null,"move_speed":null,"pressure":975,"radius7":null,"radius10":null,"remark":null},{"time":"2019-10-03T11:00:00","longitude":128.0,"latitude":36.8,"strong":"强热带风暴(STS)","power":10,"speed":28,"move_dir":null,"move_speed":null,"pressure":980,"radius7":null,"radius10":null,"remark":null},{"time":"2019-10-04T11:00:00","longitude":136.8,"latitude":39.0,"strong":"热带风暴(TS)","power":8,"speed":20,"move_dir":null,"move_speed":null,"pressure":988,"radius7":null,"radius10":null,"remark":null}]},{"sets":"日本","points":[{"time":"2019-09-29T23:00:00","longitude":124.6,"latitude":20.3,"strong":"台风(TY)","power":12,"speed":35,"move_dir":null,"move_speed":null,"pressure":975,"radius7":null,"radius10":null,"remark":null},{"time":"2019-09-30T11:00:00","longitude":123.4,"latitude":22.5,"strong":"台风(TY)","power":12,"speed":36,"move_dir":"北西北","move_speed":22,"pressure":970,"radius7":null,"radius10":null,"remark":null},{"time":"2019-10-01T08:00:00","longitude":122.6,"latitude":27.4,"strong":"台风(TY)","power":13,"speed":39,"move_dir":"北","move_speed":25,"pressure":965,"radius7":null,"radius10":null,"remark":null},{"time":"2019-10-02T08:00:00","longitude":125.2,"latitude":33.2,"strong":"强热带风暴(STS)","power":11,"speed":31,"move_dir":"北东北","move_speed":27,"pressure":980,"radius7":null,"radius10":null,"remark":null},{"time":"2019-10-03T08:00:00","longitude":130.4,"latitude":37.2,"strong":"强热带风暴(STS)","power":10,"speed":25,"move_dir":null,"move_speed":null,"pressure":990,"radius7":null,"radius10":null,"remark":null},{"time":"2019-10-04T08:00:00","longitude":138.3,"latitude":39.3,"strong":"热带风暴(TS)","power":9,"speed":23,"move_dir":null,"move_speed":null,"pressure":992,"radius7":null,"radius10":null,"remark":null}]},{"sets":"中国台湾","points":[{"time":"2019-09-30T11:00:00","longitude":123.2,"latitude":22.3,"strong":null,"power":null,"speed":null,"move_dir":null,"move_speed":null,"pressure":null,"radius7":null,"radius10":null,"remark":null},{"time":"2019-10-01T11:00:00","longitude":122.2,"latitude":27.6,"strong":null,"power":null,"speed":null,"move_dir":null,"move_speed":null,"pressure":null,"radius7":null,"radius10":null,"remark":null},{"time":"2019-10-02T11:00:00","longitude":124.7,"latitude":32.6,"strong":null,"power":null,"speed":null,"move_dir":null,"move_speed":null,"pressure":null,"radius7":null,"radius10":null,"remark":null},{"time":"2019-10-03T11:00:00","longitude":130.2,"latitude":36.8,"strong":null,"power":null,"speed":null,"move_dir":null,"move_speed":null,"pressure":null,"radius7":null,"radius10":null,"remark":null},{"time":"2019-10-04T11:00:00","longitude":137.6,"latitude":39.4,"strong":null,"power":null,"speed":null,"move_dir":null,"move_speed":null,"pressure":null,"radius7":null,"radius10":null,"remark":null}]}]},{"time":"2019-09-29T14:00:00","longitude":126.1,"latitude":19.4,"strong":"强热带风暴(STS)","power":10,"speed":28,"move_dir":"西北","move_speed":20,"pressure":982,"radius7":300,"radius10":60,"radius12":0,"radius7_quad":{"ne":300,"se":250,"sw":220,"nw":280},"radius10_quad":{"ne":60,"se":50,"sw":50,"nw":50},"radius12_quad":{"ne":0,"se":0,"sw":0,"nw":0},"remark":"","forecast":[{"sets":"中国","points":[{"time":"2019-09-30T02:00:00","longitude":124.0,"latitude":21.1,"strong":"台风(TY)","power":12,"speed":33,"move_dir":null,"move_speed":null,"pressure":975,"radius7":null,"radius10":null,"remark":null},{"time":"2019-09-30T14:00:00","longitude":123.2,"latitude":23.3,"strong":"台风(TY)","power":13,"speed":38,"move_dir":null,"move_speed":null,"pressure":965,"radius7":null,"radius10":null,"remark":null},{"time":"2019-10-01T02:00:00","longitude":122.3,"latitude":26.1,"strong":"强台风(STY)","power":14,"speed":42,"move_dir":null,"move_speed":null,"pressure":955,"radius7":null,"radius10":null,"remark":null},{"time":"2019-10-01T14:00:00","longitude":122.1,"latitude":28.4,"strong":"台风(TY)","power":13,"speed":40,"move_dir":null,"move_speed":null,"pressure":960,"radius7":null,"radius10":null,"remark":null},{"time":"2019-10-02T02:00:00","longitude":122.9,"latitude":30.7,"strong":"台风(TY)","power":12,"speed":33,"move_dir":null,"move_speed":null,"pressure":975,"radius7":null,"radius10":null,"remark":null},{"time":"2019-10-02T14:00:00","longitude":124.6,"latitude":33.3,"strong":"强热带风暴(STS)","power":11,"speed":30,"move_dir":null,"move_speed":null,"pressure":980,"radius7":null,"radius10":null,"remark":null},{"time":"2019-10-03T14:00:00","longitude":128.7,"latitude":37.2,"strong":"强热带风暴(STS)","power":10,"speed":25,"move_dir":null,"move_speed":null,"pressure":985,"radius7":null,"radius10":null,"remark":null},{"time":"2019-10-04T14:00:00","longitude":137.3,"latitude":39.1,"strong":"热带风暴(TS)","power":8,"speed":20,"move_dir":null,"move_speed":null,"pressure":988,"radius7":null,"radius10":null,"remark":null}]},{"sets":"日本","points":[{"time":"2019-09-30T02:00:00","longitude":124.0,"latitude":21.0,"strong":"台风(TY)","power":12,"speed":35,"move_dir":null,"move_speed":null,"pressure":970,"radius7":null,"radius10":null,"remark":null},{"time":"2019-09-30T14:00:00","longitude":123.0,"latitude":23.4,"strong":"台风(TY)","power":13,"speed":41,"move_dir":"北西北","move_speed":24,"pressure":960,"radius7":null,"radius10":null,"remark":null},{"time":"2019-10-01T14:00:00","longitude":122.4,"latitude":28.6,"strong":"台风(TY)","power":12,"speed":36,"move_dir":"北","move_speed":24,"pressure":970,"radius7":null,"radius10":null,"remark":null},{"time":"2019-10-02T14:00:00","longitude":124.7,"latitude":33.2,"strong":"强热带风暴(STS)","power":10,"speed":28,"move_dir":"北东北","move_speed":24,"pressure":985,"radius7":null,"radius10":null,"remark":null},{"time":"2019-10-03T14:00:00","longitude":130.0,"latitude":36.9,"strong":"热带风暴(TS)","power":9,"speed":23,"move_dir":null,"move_speed":null,"pressure":990,"radius7":null,"radius10":null,"remark":null},{"time":"2019-10-04T14:00:00","longitude":137.9,"latitude":38.5,"strong":"热带风暴(TS)","power":8,"speed":20,"move_dir":null,"move_speed":null,"pressure":996,"radius7":null,"radius10":null,"remark":null}]},{"sets":"韩国","points":[{"time":"2019-09-30T02:00:00","longitude":124.1,"latitude":20.8,"strong":"台风(TY)","power":12,"speed":35,"move_dir":null,"move_speed":null,"pressure":970,"radius7":null,"radius10":null,"remark":null},{"time":"2019-09-30T14:00:00","longitude":122.6,"latitude":23.2,"strong":"台风(TY)","power":13,"speed":39,"move_dir":null,"move_speed":null,"pressure":960,"radius7":null,"radius10":null,"remark":null},{"time":"2019-10-01T02:00:00","longitude":122.2,"latitude":25.4,"strong":"台风(TY)","power":13,"speed":39,"move_dir":null,"move_speed":null,"pressure":960,"radius7":null,"radius10":null,"remark":null},{"time":"2019-10-01T14:00:00","longitude":122.8,"latitude":28.3,"strong":"台风(TY)","power":13,"speed":37,"move_dir":null,"move_speed":null,"pressure":965,"radius7":null,"radius10":null,"remark":null},{"time":"2019-10-02T14:00:00","longitude":125.4,"latitude":33.8,"strong":"台风(TY)","power":12,"speed":35,"move_dir":null,"move_speed":null,"pressure":970,"radius7":null,"radius10":null,"remark":null},{"time":"2019-10-03T14:00:00","longitude":130.9,"latitude":37.1,"strong":"强热带风暴(STS)","power":10,"speed":27,"move_dir":null,"move_speed":null,"pressure":985,"radius7":null,"radius10":null,"remark":null},{"time":"2019-10-04T14:00:00","longitude":138.2,"latitude":39.1,"strong":"热带风暴(TS)","power":9,"speed":23,"move_dir":null,"move_speed":null,"pressure":992,"radius7":null,"radius10":null,"remark":null}]},{"sets":"中国台湾","points":[{"time":"2019-09-30T02:00:00","longitude":124.2,"latitude":20.6,"strong":"台风(TY)","power":12,"speed":33,"move_dir":null,"move_speed":null,"pressure":null,"radius7":null,"radius10":null,"remark":null},{"time":"2019-09-30T14:00:00","longitude":123.0,"latitude":23.1,"strong":null,"power":null,"speed":null,"move_dir":null,"move_speed":null,"pressure":null,"radius7":null,"radius10":null,"remark":null},{"time":"2019-10-01T02:00:00","longitude":122.5,"latitude":25.8,"strong":"台风(TY)","power":13,"speed":38,"move_dir":null,"move_speed":null,"pressure":null,"radius7":null,"radius10":null,"remark":null},{"time":"2019-10-01T14:00:00","longitude":122.5,"latitude":28.1,"strong":null,"power":null,"speed":null,"move_dir":null,"move_speed":null,"pressure":null,"radius7":null,"radius10":null,"remark":null},{"time":"2019-10-02T14:00:00","longitude":125.0,"latitude":32.9,"strong":null,"power":null,"speed":null,"move_dir":null,"move_speed":null,"pressure":null,"radius7":null,"radius10":null,"remark":null},{"time":"2019-10-03T14:00:00","longitude":130.1,"latitude":36.7,"strong":null,"power":null,"speed":null,"move_dir":null,"move_speed":null,"pressure":null,"radius7":null,"radius10":null,"remark":null},{"time":"2019-10-04T14:00:00","longitude":137.1,"latitude":38.6,"strong":null,"power":null,"speed":null,"move_dir":null,"move_speed":null,"pressure":null,"radius7":null,"radius10":null,"remark":null}]},{"sets":"中国香港","points":[{"time":"2019-09-30T14:00:00","longitude":122.7,"latitude":23.3,"strong":"台风(TY)","power":13,"speed":40,"move_dir":null,"move_speed":null,"pressure":null,"radius7":null,"radius10":null,"remark":null},{"time":"2019-10-01T14:00:00","longitude":122.0,"latitude":28.2,"strong":"台风(TY)","power":13,"speed":39,"move_dir":null,"move_speed":null,"pressure":null,"radius7":null,"radius10":null,"remark":null},{"time":"2019-10-02T14:00:00","longitude":124.2,"latitude":32.8,"strong":"强热带风暴(STS)","power":11,"speed":30,"move_dir":null,"move_speed":null,"pressure":null,"radius7":null,"radius10":null,"remark":null},{"time":"2019-10-03T14:00:00","longitude":128.9,"latitude":36.5,"strong":"强热带风暴(STS)","power":10,"speed":25,"move_dir":null,"move_speed":null,"pressure":null,"radius7":null,"radius10":null,"remark":null},{"time":"2019-10-04T14:00:00","longitude":136.5,"latitude":38.3,"strong":null,"power":null,"speed":null,"move_dir":null,"move_speed":null,"pressure":null,"radius7":null,"radius10":null,"remark":null}]},{"sets":"菲律宾","points":[{"time":"2019-09-30T14:00:00","longitude":123.0,"latitude":23.1,"strong":null,"power":null,"speed":null,"move_dir":null,"move_speed":null,"pressure":null,"radius7":null,"radius10":null,"remark":null},{"time":"2019-10-01T14:00:00","longitude":122.5,"latitude":28.5,"strong":null,"power":null,"speed":null,"move_dir":null,"move_speed":null,"pressure":null,"radius7":null,"radius10":null,"remark":null}]},{"sets":"美国","points":[{"time":"2019-09-30T14:00:00","longitude":122.7,"latitude":23.3,"strong":"台风(TY)","power":12,"speed":36,"move_dir":null,"move_speed":null,"pressure":null,"radius7":null,"radius10":null,"remark":null},{"time":"2019-10-01T14:00:00","longitude":122.0,"latitude":28.3,"strong":"台风(TY)","power":13,"speed":39,"move_dir":null,"move_speed":null,"pressure":null,"radius7":null,"radius10":null,"remark":null},{"time":"2019-10-02T14:00:00","longitude":124.2,"latitude":33.0,"strong":"台风(TY)","power":12,"speed":33,"move_dir":null,"move_speed":null,"pressure":null,"radius7":null,"radius10":null,"remark":null},{"time":"2019-10-03T14:00:00","longitude":128.7,"latitude":36.8,"strong":"热带风暴(TS)","power":9,"speed":23,"move_dir":null,"move_speed":null,"pressure":null,"radius7":null,"radius10":null,"remark":null},{"time":"2019-10-04T14:00:00","longitude":136.2,"latitude":38.6,"strong":"热带风暴(TS)","power":9,"speed":21,"move_dir":null,"move_speed":null,"pressure":null,"radius7":null,"radius10":null,"remark":null}]}]},{"time":"2019-09-29T17:00:00","longitude":125.4,"latitude":20.1,"strong":"台风(TY)","power":12,"speed":33,"move_dir":"西北","move_speed":20,"pressure":975,"radius7":300,"radius10":60,"radius12":0,"radius7_quad":{"ne":300,"se":250,"sw":220,"nw":280},"radius10_quad":{"ne":60,"se":50,"sw":50,"nw":50},"radius12_quad":{"ne":0,"se":0,"sw":0,"nw":0},"remark":"","forecast":[{"sets":"中国","points":[{"time":"2019-09-30T05:00:00","longitude":123.7,"latitude":21.6,"strong":"台风(TY)","power":13,"speed":38,"move_dir":null,"move_speed":null,"pressure":965,"radius7":null,"radius10":null,"remark":null},{"time":"2019-09-30T17:00:00","longitude":122.7,"latitude":24.3,"strong":"强台风(STY)","power":14,"speed":42,"move_dir":null,"move_speed":null,"pressure":955,"radius7":null,"radius10":null,"remark":null},{"time":"2019-10-01T05:00:00","longitude":122.0,"latitude":26.6,"strong":"台风(TY)","power":13,"speed":40,"move_dir":null,"move_speed":null,"pressure":960,"radius7":null,"radius10":null,"remark":null},{"time":"2019-10-01T17:00:00","longitude":122.2,"latitude":28.8,"strong":"台风(TY)","power":13,"speed":38,"move_dir":null,"move_speed":null,"pressure":965,"radius7":null,"radius10":null,"remark":null},{"time":"2019-10-02T05:00:00","longitude":123.1,"latitude":31.0,"strong":"台风(TY)","power":12,"speed":33,"move_dir":null,"move_speed":null,"pressure":975,"radius7":null,"radius10":null,"remark":null},{"time":"2019-10-02T17:00:00","longitude":124.7,"latitude":33.4,"strong":"强热带风暴(STS)","power":11,"speed":30,"move_dir":null,"move_speed":null,"pressure":980,"radius7":null,"radius10":null,"remark":null},{"time":"2019-10-03T17:00:00","longitude":128.9,"latitude":37.0,"strong":"强热带风暴(STS)","power":10,"speed":25,"move_dir":null,"move_speed":null,"pressure":985,"radius7":null,"radius10":null,"remark":null},{"time":"2019-10-04T17:00:00","longitude":136.8,"latitude":38.9,"strong":"热带风暴(TS)","power":8,"speed":20,"move_dir":null,"move_speed":null,"pressure":988,"radius7":null,"radius10":null,"remark":null}]},{"sets":"日本","points":[{"time":"2019-09-30T05:00:00","longitude":123.6,"latitude":21.4,"strong":"台风(TY)","power":12,"speed":35,"move_dir":null,"move_speed":null,"pressure":970,"radius7":null,"radius10":null,"remark":null},{"time":"2019-09-30T17:00:00","longitude":122.8,"latitude":23.9,"strong":"台风(TY)","power":13,"speed":41,"move_dir":"北西北","move_speed":24,"pressure":960,"radius7":null,"radius10":null,"remark":null},{"time":"2019-10-01T14:00:00","longitude":122.4,"latitude":28.6,"strong":"台风(TY)","power":12,"speed":36,"move_dir":"北","move_speed":24,"pressure":970,"radius7":null,"radius10":null,"remark":null},{"time":"2019-10-02T14:00:00","longitude":124.7,"latitude":33.2,"strong":"强热带风暴(STS)","power":10,"speed":28,"move_dir":"北东北","move_speed":24,"pressure":985,"radius7":null,"radius10":null,"remark":null},{"time":"2019-10-03T14:00:00","longitude":130.0,"latitude":36.9,"strong":"热带风暴(TS)","power":9,"speed":23,"move_dir":null,"move_speed":null,"pressure":990,"radius7":null,"radius10":null,"remark":null},{"time":"2019-10-04T14:00:00","longitude":137.9,"latitude":38.5,"strong":"热带风暴(TS)","power":8,"speed":20,"move_dir":null,"move_speed":null,"pressure":996,"radius7":null,"radius10":null,"remark":null}]},{"sets":"中国台湾","points":[{"time":"2019-09-30T17:00:00","longitude":122.8,"latitude":24.2,"strong":"台风(TY)","power":13,"speed":38,"move_dir":null,"move_speed":null,"pressure":null,"radius7":null,"radius10":null,"remark":null},{"time":"2019-10-01T17:00:00","longitude":122.5,"latitude":29.1,"strong":"台风(TY)","power":13,"speed":38,"move_dir":null,"move_speed":null,"pressure":null,"radius7":null,"radius10":null,"remark":null},{"time":"2019-10-02T17:00:00","longitude":125.0,"latitude":33.5,"strong":"台风(TY)","power":12,"speed":33,"move_dir":null,"move_speed":null,"pressure":null,"radius7":null,"radius10":null,"remark":null},{"time":"2019-10-03T17:00:00","longitude":128.9,"latitude":36.7,"strong":"热带风暴(TS)","power":9,"speed":23,"move_dir":null,"move_speed":null,"pressure":null,"radius7":null,"radius10":null,"remark":null},{"time":"2019-10-04T17:00:00","longitude":136.1,"latitude":39.1,"strong":"热带风暴(TS)","power":8,"speed":20,"move_dir":null,"move_speed":null,"pressure":null,"radius7":null,"radius10":null,"remark":null}]}]},{"time":"2019-09-29T20:00:00","longitude":124.9,"latitude":20.3,"strong":"台风(TY)","power":12,"speed":33,"move_dir":"西北","move_speed":20,"pressure":975,"radius7":300,"radius10":60,"radius12":0,"radius7_quad":{"ne":300,"se":250,"sw":220,"nw":280},"radius10_quad":{"ne":60,"se":50,"sw":50,"nw":50},"radius12_quad":{"ne":0,"se":0,"sw":0,"nw":0},"remark":"","forecast":[{"sets":"中国","points":[{"time":"2019-09-30T08:00:00","longitude":123.2,"latitude":21.9,"strong":"台风(TY)","power":13,"speed":38,"move_dir":null,"move_speed":null,"pressure":965,"radius7":null,"radius10":null,"remark":null},{"time":"2019-09-30T20:00:00","longitude":122.6,"latitude":24.8,"strong":"强台风(STY)","power":14,"speed":42,"move_dir":null,"move_speed":null,"pressure":955,"radius7":null,"radius10":null,"remark":null},{"time":"2019-10-01T08:00:00","longitude":121.9,"latitude":26.9,"strong":"台风(TY)","power":13,"speed":40,"move_dir":null,"move_speed":null,"pressure":960,"radius7":null,"radius10":null,"remark":null},{"time":"2019-10-01T20:00:00","longitude":122.3,"latitude":29.0,"strong":"台风(TY)","power":13,"speed":38,"move_dir":null,"move_speed":null,"pressure":965,"radius7":null,"radius10":null,"remark":null},{"time":"2019-10-02T08:00:00","longitude":123.2,"latitude":31.2,"strong":"台风(TY)","power":12,"speed":33,"move_dir":null,"move_speed":null,"pressure":975,"radius7":null,"radius10":null,"remark":null},{"time":"2019-10-02T20:00:00","longitude":124.8,"latitude":33.4,"strong":"强热带风暴(STS)","power":11,"speed":30,"move_dir":null,"move_speed":null,"pressure":980,"radius7":null,"radius10":null,"remark":null},{"time":"2019-10-03T20:00:00","longitude":129.1,"latitude":36.8,"strong":"强热带风暴(STS)","power":10,"speed":25,"move_dir":null,"move_speed":null,"pressure":985,"radius7":null,"radius10":null,"remark":null},{"time":"2019-10-04T20:00:00","longitude":136.8,"latitude":38.9,"strong":"热带风暴(TS)","power":8,"speed":20,"move_dir":null,"move_speed":null,"pressure":988,"radius7":null,"radius10":null,"remark":null}]}]}]}]
