[{"tfbh":"201918","name":"米娜","ename":"Mitag","is_current":1,"begin_time":"2019-09-28T08:00:00","end_time":"2019-09-29T14:00:00","land":[]},{"tfbh":"201917","name":"塔巴","ename":"Tapah","is_current":0,"begin_time":"2019-09-19T14:00:00","end_time":"2019-09-23T08:00:00","land":[]},{"tfbh":"201916","name":"琵琶","ename":"Peipah","is_current":0,"begin_time":"2019-09-15T20:00:00","end_time":"2019-09-16T17:00:00","land":[]},{"tfbh":"201915","name":"法茜","ename":"Faxai","is_current":0,"begin_time":"2019-09-05T14:00:00","end_time":"2019-09-10T14:00:00","land":[]},{"tfbh":"201914","name":"剑鱼","ename":"Kajiki","is_current":0,"begin_time":"2019-09-03T02:00:00","end_time":"2019-09-03T23:00:00","land":[]},{"tfbh":"201913","name":"玲玲","ename":"Lingling","is_current":0,"begin_time":"2019-09-02T08:00:00","end_time":"2019-09-08T10:00:00","land":[]},{"tfbh":"201912","name":"杨柳","ename":"Podul","is_current":0,"begin_time":"2019-08-27T08:00:00","end_time":"2019-08-30T05:00:00","land":[]},{"tfbh":"201911","name":"白鹿","ename":"Bailu","is_current":0,"begin_time":"2019-08-21T14:00:00","end_time":"2019-08-26T02:00:00","land":[]},{"tfbh":"201910","name":"罗莎","ename":"Krosa","is_current":0,"begin_time":"2019-08-06T14:00:00","end_time":"2019-08-16T17:00:00","land":[]},{"tfbh":"201909","name":"利奇马","ename":"Lekima","is_current":0,"begin_time":"2019-08-04T14:00:00","end_time":"2019-08-13T11:00:00","land":[]},{"tfbh":"201908","name":"范斯高","ename":"Francisco","is_current":0,"begin_time":"2019-08-02T08:00:00","end_time":"2019-08-06T20:00:00","land":[]},{"tfbh":"201907","name":"韦帕","ename":"Wipha","is_current":0,"begin_time":"2019-07-31T08:00:00","end_time":"2019-08-03T20:00:00","land":[]},{"tfbh":"201906","name":"百合","ename":"Nari","is_current":0,"begin_time":"2019-07-26T08:00:00","end_time":"2019-07-27T17:00:00","land":[]},{"tfbh":"201905","name":"丹娜丝","ename":"Danas","is_current":0,"begin_time":"2019-07-16T14:00:00","end_time":"2019-07-21T20:00:00","land":[]},{"tfbh":"201904","name":"木恩","ename":"Mun","is_current":0,"begin_time":"2019-07-02T20:00:00","end_time":"2019-07-04T14:00:00","land":[]},{"tfbh":"201903","name":"圣帕","ename":"Sepat","is_current":0,"begin_time":"2019-06-27T17:00:00","end_time":"2019-06-28T14:00:00","land":[]},{"tfbh":"201902","name":"蝴蝶","ename":"Wutip","is_current":0,"begin_time":"2019-02-20T02:00:00","end_time":"2019-02-28T14:00:00","land":[]},{"tfbh":"201901","name":"帕布","ename":"Pabuk","is_current":0,"begin_time":"2019-01-01T14:00:00","end_time":"2019-01-05T08:00:00","land":[]}]
